INSERT INTO ADDRESS (ID, HOUSE_NUMBER, PLZ, STREET, TOWN) VALUES (1, '13a', 3226, 'Dorfstrasse', 'Kallnach');
INSERT INTO ADDRESS (ID, HOUSE_NUMBER, PLZ, STREET, TOWN) VALUES (2, '1', 3266, 'Bahnhofstrasse', 'Seedorf');
INSERT INTO ADDRESS (ID, HOUSE_NUMBER, PLZ, STREET, TOWN) VALUES (3, '3', 3001, 'Laupenstrasse', 'Bern');
INSERT INTO ADDRESS (ID, HOUSE_NUMBER, PLZ, STREET, TOWN) VALUES (4, '1', 3007, 'Gartenstrasse ', 'Bern');

INSERT INTO PERSON (ID, DATE_OF_BIRTH, FIRST_NAME, OFFICIAL_NAME, SEX, VN, ADDRESS_POSTAL_ID) VALUES(1, DATE '1970-01-01','Hans', 'Meier', 1, NULL, 1);
INSERT INTO PERSON (ID, DATE_OF_BIRTH, FIRST_NAME, OFFICIAL_NAME, SEX, VN, ADDRESS_POSTAL_ID) VALUES(2, DATE '1982-01-01','Anna', 'Meier', 2, NULL, 1);
INSERT INTO PERSON (ID, DATE_OF_BIRTH, FIRST_NAME, OFFICIAL_NAME, SEX, VN, ADDRESS_POSTAL_ID) VALUES(3, DATE '2011-01-01','Anneliesi', 'Meier', 2, NULL, 1);

INSERT INTO INSURER (ID, NAME, ADDRESS_ID) VALUES (1, 'Visana Services Bern', 3);
INSERT INTO INSURER (ID, NAME, ADDRESS_ID) VALUES (2, 'Atupri Bern', 4);

INSERT INTO CARD (CARD_NUMBER, EXPIRY_DATE, INSURED_PERSON_ID, INSURER_ID) VALUES (36026946698526862, DATE '2016-03-31', 1, 1);
INSERT INTO CARD (CARD_NUMBER, EXPIRY_DATE, INSURED_PERSON_ID, INSURER_ID) VALUES (743794085316616163, DATE '2020-03-31', 1, 1);
INSERT INTO CARD (CARD_NUMBER, EXPIRY_DATE, INSURED_PERSON_ID, INSURER_ID) VALUES (78847589268403592, DATE '2021-06-15', 2, 1);
INSERT INTO CARD (CARD_NUMBER, EXPIRY_DATE, INSURED_PERSON_ID, INSURER_ID) VALUES (596947027238113990, DATE '2021-06-15', 3, 2);